sentence_id,original_text,falc_text,falc
1,"Léa, pourquoi es-tu triste ? Ce matin, Clément se réveille tout content. Aujourd'hui, c'est l'anniversaire de sa petite sœur Léa. Encore en pyjama, il saute de son lit et se précipite vers la chambre de Léa. Il est impatient de lui souhaiter son anniversaire. Arrivé devant sa porte, il frappe doucement avant d'entrer en criant joyeusement: « Bon anniversaire, petite sœur ! » Léa, encore un peu endormie, ouvre un œil. La petite fille a eu du mal à trouver le sommeil cette nuit. C'est pourquoi, ce matin elle est vraiment très fatiguée. Elle aurait voulu se reposer encore un peu. À la place, son frère n'arrête pas de sautiller devant elle en répétant gaiement : « Tu es grande maintenant! ».","Léa est triste Ce matin, Clément est tout content. C'est l'anniversaire de sa sœur Léa. Clément entre dans la chambre de Léa. « Bon anniversaire, petite sœur ! Tu as 8 ans aujourd'hui. Tu es grande maintenant! »","Léa, pourquoi tu sembles triste aujourd'hui ? Ce matin, Clément se réveille heureux. C'est l'anniversaire de ta petite sœur Léa ! Il saute de son lit et court vers ta chambre. Il est impatient de te souhaiter bon anniversaire. Il frappe doucement à la porte avant d'entrer en criant joyeusement : ""Bon anniversaire, ma petite sœur !"" Léa ouvre un œil. Elle a eu du mal à dormir cette nuit. C'est pourquoi, ce matin, elle est vraiment fatiguée. Elle aurait voulu se reposer encore un peu. Mais son frère ne s'arrête pas de sauter devant elle en répétant gaiement : ""Tu es grande maintenant !"""
2,"Clément ne comprend pas l'attitude étrange de sa sœur car lui adore les fêtes d'anniversaire. Les cadeaux, les surprises, les jeux, les bougies, il aime tout ce qui fait de cette journée, une journée spéciale. Il se souvient de la fête d'anniversaire de son ami Maxime. Ses parents avaient organisé une chasse au trésor à travers tout le parc de jeu qui se situait derrière sa maison. Clément avait adoré. Quand la journée fut finie, il était reparti avec un petit sachet de bonbons et il l'avait partagé avec sa sœur. Elle l'avait remercié de sa gentillesse avec un sourire. Pas comme ce matin… Ce qui l'avait le plus marqué, durant cette fameuse fête, c'était le gâteau. Clément n'avait jamais vu un gâteau de la sorte : un gâteau en forme de château fort avec des chevaliers en armure qui se tenaient près du pont-levis et des bougies qui surplombaient les tours.",Clément est heureux. Clément aime les fêtes d'anniversaire. Il aime surtout les gâteaux d'anniversaire. Les gâteaux d'anniversaire sont très beaux. On met de jolies bougies sur le gâteau. « Superbe ! Toutes ces petites lumières! »,"Clément ne comprend pas pourquoi sa sœur est si froide aujourd'hui, car il aime les fêtes d'anniversaire. Il aime les cadeaux, les surprises, les jeux, les bougies et tout ce qui fait de cette journée, une journée spéciale. Il se souvient de la fête d'anniversaire de son ami Maxime. Ses parents avaient organisé une chasse au trésor dans le parc de jeu derrière leur maison. Clément a aimé beaucoup. Quand la journée était finie, il est retourné avec un petit sac de bonbons et il les a partagés avec sa sœur. Elle l'a remercié de sa gentillesse avec un sourire. Mais ce matin, c'est différent... Ce qui l'a le plus marqué, lors de cette fête, c'était le gâteau. Clément n'avait jamais vu un gâteau de la sorte : un gâteau en forme de château fort avec des chevaliers en armure près du pont-levis et des bou"
3,"Les courses sans Lila Pendant une bonne partie de la matinée, Clément, Léa et maman cherchent partout. Sous le canapé, dans les caisses de jeux, dans la voiture de maman, aucune trace de Lila nulle part. — Non ma chérie, je ne vois vraiment pas où elle peut être, lui dit doucement maman après avoir cherché dans toute la maison. À ces mots, Léa est encore plus triste. Elle avait espéré retrouver Lila ce matin. Elle ravale un sanglot et fait tout pour que ses larmes ne coulent pas le long de ses joues.","Les courses sans Lila Clément, Léa et maman cherchent Lila dans toute la maison. Pas de trace de Lila. Léa est très triste. Mais elle ne pleure pas.","Lila manquait toute la matinée. Clément, Léa et maman ont cherché partout : sous le canapé, dans les caisses de jouets, dans la voiture de maman. Aucune trace de Lila n'a été trouvée.

Maman a dit doucement à Léa : ""Ma chérie, je ne vois pas où elle peut être."" Léa était plus triste encore. Elle avait espéré retrouver Lila ce matin. Elle a pris un grand souffle et a essayé de contenir ses larmes qui voulaient couler le long de ses joues."
4,"La jeune fille tend la main et touche le visage de la poupée à la robe rouge du bout des doigts. — J'ai une poupée qui te ressemble, lui chuchotet-elle. Elle s'appelle Lila et elle est très gentille. Je suis certaine que si vous vous connaissiez vous pourriez être amies toutes les deux. Quelques larmes finissent par apparaître aux coins des yeux de Léa. Elle les sèche avec le dos de sa main. Elle s'est déjà attardée trop longtemps ici, il faut qu'elle aille retrouver sa mère et Clément.","« Tu es jolie avec ta robe rouge. Tu ressembles à ma poupée Lila. Ma poupée Lila a une robe bleue. Elle est très gentille. Tu pourrais être son amie. J'ai perdu ma poupée Lila. Je suis très triste. Elle me manque beaucoup. Au revoir, jolie poupée. Je dois partir. Clément et maman vont s'inquiéter. »","La petite fille étend la main et touche le visage de la poupée rouge. — J'ai une poupée qui ressemble à toi, elle dit. Elle s'appelle Lila et elle est gentille. Je pense que si tu la connaissais, vous pourriez être amies. Des larmes apparaissent aux coins des yeux de Léa. Elle les essuie avec le dos de sa main. Elle a déjà passé trop longtemps ici, elle doit rentrer chercher sa mère et Clément."
5,"Cette fois, le gâteau est bel et bien terminé. Maman se charge de verser la pâte dans un moule en forme d'ours.",Clément et Léa ont fini. Maman verse la pâte dans un joli moule. Un moule en forme d'ours!,Le gâteau est prêt. Maman verse la pâte dans un moule d'ours.
6,"Lorsqu'Émilie entra dans la salle d'examens, sa mère vaccinait un jeune labrador alors que son père mettait à jour, sur son ordinateur portable, la fiche de l'animal. – Papa, maman, on a une urgence ! dit-elle en arrivant et elle leur raconta toute l'histoire. Dès qu'elle en eut terminé avec le labrador, la mère d'Émilie se dirigea vers la salle d'attente pour prévenir les personnes présentes. Mais, quelle ne fut pas sa surprise en constatant que tout le monde était déjà au courant. Grâce à Pierre, ils se montrèrent même très compréhensifs. Aussi, lorsque Dimitri et Nicolas arrivèrent avec le renard, tout était prêt pour opérer l'animal. Nicolas entra dans la salle d'opérations, aussitôt suivi de Dimitri et Émilie. Leur père les arrêta dans leur élan et leur dit en refermant la porte sur eux : – Je suis désolé, les enfants, mais seul Nicolas peut assister à l'opération puisqu'il a l'intention de devenir, lui aussi, vétérinaire.","Émilie entre dans la salle d'examens. La mère d'Émilie fait des vaccins à un chien. « Papa, maman, c'est urgent. Nous avons trouvé un renard blessé. Il faut sauver notre renard. » « Calme-toi, Émilie. Papa et moi allons tout préparer pour opérer ce petit animal blessé. » Dimitri et Nicolas arrivent avec le renard. Tout est prêt pour l'opération. Nicolas aide ses parents car il veut être vétérinaire.","Emilie entra dans la salle d'examens. Sa mère vaccinait un labrador tandis que son père mettait à jour la fiche de l'animal sur son ordinateur portable. ""Papa, maman, il y a une urgence !"" dit-elle en arrivant. Elle leur raconta toute l'histoire. Après, sa mère alla dans la salle d'attente pour prévenir les gens. Mais elle fut surpris de voir que tout le monde était déjà au courant. Grâce à Pierre, ils furent très compréhensifs. Quand Dimitri et Nicolas arrivèrent avec le renard, tout était prêt pour opérer l'animal. Nicolas entra dans la salle d'opérations, suivi de Dimitri et Emilie. Son père les arrêta et leur dit : ""Je suis désolé, les enfants, mais seul Nicolas peut assister à l'opération car il veut devenir vétérinaire aussi."""
7,"Ses parents se regardèrent, réfléchissant quelques minutes à la proposition d'Émilie. Pouvaient-ils lui confier cette importante responsabilité même si elle semblait très motivée et tenait toujours ses promesses ? – C'est d'accord, finit par dire son père. Les trois premiers jours, le renard resta dans une grande cage à l'intérieur même de la salle d'opérations. Émilie venait tous les jours pour s'occuper de lui. Le quatrième jour, sa mère l'ausculta de nouveau. – Il a l'air d'aller mieux, ce petit renard. On va tenter de le remettre en liberté peu à peu.","« C'est important de s'occuper d'un animal malade. » « Je sais, papa. Je ferai très attention. » « Alors, c'est d'accord. » Émilie vient tous les jours pour soigner le renard. Au bout de 4 jours, le renard va mieux. « Tu vas pouvoir amener le renard à la ferme. » « Super ! Merci, maman. »","Emilie's parents looked at each other, thinking about her proposal. Could they trust her with this big responsibility, even though she seemed very motivated and always kept her promises? – Yes, said her father finally. For the first three days, the fox stayed in a big cage inside the operation room. Emilie came every day to take care of him. The fourth day, her mother listened to him again. – The fox seems to be getting better, said his mother. We'll try to let him go free little by little."
8,"Enfin, la lumière diminua d'intensité et la scène s'éclaira de bleu et de rouge. Au milieu d'une fumée blanche apparut soudain la star qu'ils attendaient tous. – C'est Lucas! C'est Lucas! cria Émilie toute excitée en prenant le bras de Nicolas pour lui montrer celui qu'elle attendait depuis des mois. – Êtes-vous prêts ? hurla le chanteur. Alors, la batterie entama la première chanson, bientôt rejointe par la guitare électrique et la basse. Rapidement, l'ambiance devint électrique. La foule dansait, tapait des mains et des pieds. Émilie et ses frères chantaient à pleins poumons, ravis d'assister à ce concert. Au bout de deux heures de spectacle, malgré les cris de la foule et plusieurs rappels, le chanteur déclara : – Merci d'être venus aussi nombreux ce soir ! On a passé une super soirée tous ensemble ! À bientôt! Et il quitta définitivement la scène, marquant ainsi la fin du concert.","Soudain, le chanteur du groupe apparaît dans une fumée blanche. Le concert est top. Tout le public chante et danse. Dimitri, Nicolas et Émilie sont très heureux. Au bout de 2 heures, le concert est terminé. Le chanteur salue le public et quitte la scène.","La lumière s'est faible et la scène s'est éclairée en bleu et rouge. Puis, dans la fumée blanche, la star attendue est apparue : c'était Lucas! Émilie a crié en se saisissant de Nicolas pour le montrer. – Êtes-vous prêts ? a hurlé le chanteur. Alors, la batterie a commencé la première chanson, suivie rapidement par la guitare électrique et la basse. L'ambiance est devenue électrique. La foule dansait, tapait des mains et des pieds. Émilie et ses frères chantaient à pleins poumons, ravis d'assister à ce concert. Après deux heures de spectacle, malgré les cris de la foule et plusieurs rappels, le chanteur a dit : – Merci d'être venus si nombreux ce soir ! On a passé une super soirée ensemble ! À bientôt! Et il est parti définitivement de la scène, marquant ainsi la fin du concert."
9,"Soudain, une forme étrange, sombre et indistincte apparut dans le ciel. Plissant les yeux, Émilie crut voir un aigle. « C'est impossible, se dit-elle, il n'y a pas d'aigle dans la région. » Ce n'était vraiment pas le moment de se demander ce qu'un aigle pouvait bien faire au concert de son groupe préféré car l'animal fonçait droit sur eux, serres en avant. – Baisse-toi, Émilie ! cria son frère. Nicolas appuya alors sur la tête d'Émilie pour l'obliger à se baisser rapidement et l'oiseau referma ses griffes dans le vide, juste au-dessus de sa tête. – Va-t'en ! hurla Nicolas de toutes ses forces, en lui lançant des pierres pour l'effrayer et essayer de le faire fuir. Il toucha la tête de l'aigle mais l'oiseau ne sembla pas avoir peur.","Soudain, un aigle apparaît dans le ciel. L'aigle fonce droit sur Nicolas et Émilie. « Baisse-toi, Émilie ! » Émilie se baisse, juste à temps. L'aigle ne réussit pas à attraper Émilie. Nicolas lance des pierres pour faire fuir l'aigle.","Un oiseau étrange apparut soudain dans le ciel. Il était sombre et indistinct. Émilie pensa qu'il s'agissait d'un aigle. « C'est impossible, pensa-t-elle, il n'y a pas d'aigle ici. » Elle ne devait pas se demander ce que faire d'un aigle au milieu de son concert préféré. L'oiseau volait droit vers eux, griffes en avant. – Baisses-toi, Émilie ! cria son frère Nicolas. Il poussa sur la tête d'Émilie pour la faire basculer rapidement. L'oiseau referma ses griffes juste au-dessus de sa tête. – Va-t'en ! hurla Nicolas en lui jetant des pierres pour l'effrayer et l'en chasser. Il toucha la tête de l'oiseau mais il ne sembla pas avoir peur."
10,"À l'orée du bois, Émilie remarqua que le ciel avait changé de couleur. Il était désormais nimbé de longues traces orangées, semblables à celles qui zèbrent le ciel lorsque le Soleil se couche. – Émilie, ce que tu vois, ce sont des traces de magie, expliqua Léo. La magie est particulièrement forte au coucher du Soleil, c'est pourquoi les humains peuvent la voir à ce moment-là. Maintenant, grâce à la pierre, tu la verras tout le temps et partout. Léo et Émilie pénétrèrent dans la forêt. Émilie découvrit une forêt bien différente de celle qu'elle connaissait. Les arbres n'étaient pas seulement verts, ils étaient aussi rouges, orange et même parfois violets. Dans l'eau de la rivière, elle sembla apercevoir la forme d'un visage. « Une autre nymphe comme Mélody ? » pensa-t-elle. Le visage lui sourit avant de disparaître sous l'eau.","« Regarde les traces orange dans le ciel. Ce sont des traces de magie. La pierre du Soleil va te faire voir la magie partout et tout le temps. » Léo a raison. Émilie voit dans la forêt : – des arbres rouges ou violets, – un visage dans l'eau.","Dans la forêt, Émilie vit le ciel devenir orange. C'était comme si le Soleil avait laissé des traces sur le ciel avant de s'endormir. Léo dit que c'était de la magie, et que maintenant Émilie pourrait la voir tout le temps grâce à la pierre. Ils entrèrent dans la forêt et Émilie vit des arbres verts, rouges, orange et même violets. Elle pensa qu'elle avait vu un visage dans l'eau de la rivière. Elle pensa à Mélody. Le visage lui souriait avant de disparaître. C'était peut-être une autre nymphe."
11,"Alors qu'ils s'enfonçaient toujours plus profondément dans les bois, Émilie demanda : – Où allons-nous ? – Nous allons voir la reine du monde magique. Je dois te présenter à elle. En outre, elle pourra certainement nous aider à retrouver ton frère, lui répondit-il. Bientôt, ils arrivèrent devant une grotte qu'Émilie n'avait jamais vue auparavant. Sans doute, cette grotte devait être invisible aux humains. Léo y entra sans hésitation. Émilie le suivit. Mais, plus ils avançaient dans la grotte, plus il faisait sombre et bientôt Émilie ne parvint plus à distinguer quoi que ce soit. – Léo, Léo ? appela-t-elle à plusieurs reprises. S'il te plaît, Léo, aide-moi à trouver mon chemin dans le noir. Ce n'est pas drôle. Léo lui répondit: – Prends la pierre du soleil dans ta poche et demandelui de t'aider. Suivant ses conseils, Émilie glissa sa main dans sa poche et en ressortit la pierre. Elle brillait doucement, éclairant la paume de sa main.","« Où allons-nous, Léo ? » « Nous allons voir la reine du monde magique. Notre reine peut nous aider. » Émilie et Léo arrivent devant une grotte. Ils entrent dans la grotte. Il fait tout noir. « J'ai peur dans le noir. » « Sors la pierre du Soleil de ta poche. La pierre du Soleil va t'éclairer.» Émilie prend la pierre du Soleil dans sa main.","Émilie se demandait où ils allaient. Léo répondit : ""Nous allons voir la reine du monde magique. Je dois te présenter à elle. Elle peut peut-être nous aider à retrouver ton frère."" Ils arrivèrent devant une grotte qu'Émilie n'avait jamais vue. Léo entra sans hésiter. Émilie le suivit. Mais, plus ils avançaient, plus il faisait sombre et bientôt Émilie ne pouvait plus voir. Elle appelait Léo : ""Léo, Léo, aide-moi à trouver mon chemin."" Léo lui dit : ""Prends la pierre du soleil dans ta poche et demande-lui d'aider toi."" Émilie prit la pierre et elle commença à éclairer la main de sa main."
12,"Léo et Émilie furent soulagés. Ouf ! Ils étaient en sécurité pour le moment! Ils sortirent de derrière les sacs et se dirigèrent au bout de la ruelle. Arrivés à l'extrémité, Léo poussa quelques branches et un trou sans fond apparut à leurs pieds. Émilie se pencha au-dessus de la fosse et dit: – Ce ne sont quand même pas les… – … Égouts ? Si, si, termina Léo. Si nous voulons nous en sortir, c'est la seule solution. Suis-moi mais fais attention ! On ne sait jamais sur qui on peut tomber dans cet endroit. Tout ceci ne rassurait pas vraiment Émilie. Elle grimaça mais ce n'était pas le moment de jouer les princesses. Elle se glissa donc dans le trou à la suite du renard. Heureusement, la pierre à son cou brillait toujours et lui permettait de voir devant elle. Ils passaient d'un couloir à l'autre. Émilie se demandait bien comment Léo arrivait à se repérer parmi toutes ces galeries toutes plus sales les unes que les autres. Alors qu'ils poursuivaient leur chemin, Émilie finit par poser à Léo la question qui lui brûlait les lèvres depuis qu'ils avaient quitté le palais. – Que s'est-il passé ? Qu'avons-nous fait de mal pour que les loups nous attaquent ainsi ? Tu m'avais bien dit qu'ils n'attaquaient que sur ordre de la reine ?","Ouf ! Émilie et Léo sont sauvés. « Il y a les égouts au bout de la rue. Nous allons passer par les égouts. Les loups ne pourront pas nous suivre. » « Es-tu vraiment sûr ? » « Oui. C'est la seule solution. » « Bon, je te suis. » Émilie et Léo entrent dans les égouts. Il fait tout noir mais la pierre du Soleil éclaire leur chemin. « Pourquoi les loups nous ont-ils attaqués ? »","Léo et Émilie se sentirent soulagés. Ils étaient en sécurité pour l'instant! Ils sortirent de derrière les sacs et marchèrent vers la fin de la ruelle. Arrivés à la fin, Léo poussa quelques branches et un trou sans fond apparut à leurs pieds. Émilie se pencha au-dessus de la fosse et dit: – Ce ne sont pas les égouts, non ? Oui, oui, répondit Léo. Si nous voulons nous en sortir, c'est la seule solution. Suis-moi, mais prends garde ! On ne sait jamais sur qui on peut tomber dans cet endroit. Cela ne rassura pas vraiment Émilie. Elle grimaça mais ce n'était pas le moment de jouer les princesses. Elle se glissa donc dans le trou à la suite du renard. Heureusement, la pierre à son cou brillait toujours et lui permettait de voir devant elle. Ils passaient d'un couloir à l'autre. Émilie se demandait comment Léo"
13,"Lorsqu'ils furent tous les deux entièrement recouverts de boue, Léo dessina sur le sol une carte avec ses pattes pour expliquer son plan à Émilie car ils devraient ensuite rester silencieux tout le long de la traversée. Il fit d'abord deux croix et expliqua : – Nous sommes ici et nous devons aller là-bas. Puis, en dessinant un rond, il ajouta : – Les renifleurs sont ici. Enfin, il traça une ligne et conclut : – Cette ligne représente le chemin que nous devrons prendre pour que le vent nous aide à cacher notre odeur. Je pense que tu avais déjà deviné pourquoi nous les appelons ainsi. Émilie commençait à trouver que ce monde magique n'avait rien de drôle : tout d'abord, les loups scorpions, puis les poubelles, les égouts et maintenant, les taupes « renifleuses ». Cependant, elle faisait confiance à Léo et son plan semblait parfait. Les deux complices se mirent à plat ventre et commencèrent à avancer en silence en s'appuyant sur les genoux et les coudes.","Léo dessine une carte sur le sol pour expliquer son plan à Émilie. « Il n'est pas drôle ton monde, Léo. Les loups scorpions, les poubelles, les égouts… Et les taupes renifleuses. » « La reine nous a prévenus des dangers. Mais fais-moi confiance. » « OK, je te suis. » Émilie et Léo se couchent sur le ventre. Ils avancent tout doucement sans faire de bruit.","Léo dessina sur le sol une carte pour expliquer son plan à Émilie. Il fit deux croix pour montrer leur position et une boule pour indiquer où les renifleurs étaient. Puis, il dessina une ligne pour montrer le chemin qu'ils devraient suivre pour que le vent les cache. Léo pensait que son plan était bon. Émilie commençait à trouver que ce monde était étrange : les loups scorpions, les poubelles, les égouts et maintenant, les taupes qui reniflent. Cependant, elle avait confiance en Léo et son plan semblait parfait. Les deux amis se mettent à plat ventre et commencent à avancer en silence en s'appuyant sur les genoux et les coudes."
14,"– Nicolas! Nicolas! appela alors Émilie car elle seule pouvait utiliser les pouvoirs de la pierre du Soleil et parler avec Léo. Nicolas, assis au fond du nid, leva la tête en entendant la voix d'Émilie. Et quelle ne fut pas sa surprise en voyant Léo assis sur le bord du nid. – Mais que faites-vous ici ? demanda Nicolas. Émilie lui répondit simplement: – Nous n'avons pas beaucoup de temps. Il faut qu'on te sorte de là, très vite avant que l'aigle ne revienne. Je t'expliquerai plus tard toute cette histoire. Nicolas essaya de se lever sans y parvenir. – Je crois que ma jambe est cassée, dit-il. Impossible d'escalader le nid avec une jambe cassée ! – Émilie, nous allons encore avoir besoin de l'eau de la fontaine magique ! proposa Léo. Aussitôt, Émilie fouilla dans son sac et donna à Léo la gourde qui contenait le reste de l'eau de la fontaine magique. Celui-ci la prit et grimpa à nouveau sur les épaules d'Émilie avant de sauter dans le nid. – Bois l'eau de la gourde que t'apporte Léo. Fais-moi confiance, elle va guérir ta jambe, cria Émilie à Nicolas.","Nicolas est très surpris de voir Léo. « Que fais-tu là, Léo ?» « Léo et moi sommes venus te chercher. Nous devons nous sauver très vite avant le retour de l'aigle. » « Je ne peux pas bouger. J'ai la jambe cassée. » « Bois l'eau de cette gourde. Fais-moi confiance. Cette eau va guérir ta jambe. »","Nicolas, Émilie est venue pour vous aider. Seul elle peut parler avec Léo et utiliser la pierre du Soleil. Nicolas, assis au fond du nid, a levé la tête à la voix d'Émilie. Il a été surpris de voir Léo sur le bord du nid. ""Qu'est-ce que tu fais ici?"" a demandé Nicolas. Émilie a répondu simplement : ""Nous n'avons pas beaucoup de temps. Tu dois sortir de là, très vite, avant que l'aigle ne revienne. Je te raconterai plus tard toute cette histoire. "" Nicolas a essayé de se lever mais n'a pas pu. ""Ma jambe est cassée,"" a-t-il dit. Il ne peut pas grimper dans le nid avec une jambe cassée ! ""Émilie, nous allons encore avoir besoin de l'eau de la fontaine magique,"" a proposé Léo. Immediatement, Émilie a fouillé dans son sac et a donné à Léo la"
15,"Nicolas, Émilie et Léo retenaient leur souffle. Il ne fallait surtout pas faire de bruit sinon l'aigle risquait de les repérer. Soudain, il passa au-dessus d'eux sans les voir. Léo fit signe à ses deux amis qu'il était temps de filer et il se mit à courir devant eux pour leur indiquer le chemin. Cependant, Nicolas ne pouvait pas courir aussi vite que les autres car sa jambe, même guérie, restait fragile. Alors qu'il tentait de les rattraper, l'aigle le vit et fonça sur lui, serres en avant, prêt à l'attraper. – Oh non ! gémit Émilie. Nicolas eut tout juste le temps de se précipiter derrière un nid avant que les serres ne se referment sur son dos. – Ouf ! Il s'en est fallu de peu. Il ne va certainement pas en rester là. Il va revenir. Heureusement, j'ai une idée ! dit Émilie. Elle prit dans sa main la pierre du Soleil qui pendait à son cou. La pierre réagit immédiatement et se mit à briller fortement. Comme avec le renifleur, Émilie espérait éblouir l'elki avec la pierre. Elle leva le bras le plus haut qu'elle put et dirigea la pierre en direction des yeux de l'elki. Celui-ci, agacé d'avoir laissé échapper sa proie, volait dans tous les sens et elle se trouvait relativement loin de lui. Elle faisait du mieux qu'elle pouvait mais elle n'était pas sûre d'y parvenir !","« Nous devons partir très vite. » Les 3 amis partent en courant. Mais Nicolas ne peut pas courir car il a encore mal à sa jambe. Soudain, l'aigle fonce sur Nicolas. Ouf ! Nicolas a pu se cacher avant l'arrivée de l'aigle. « L'aigle va revenir. J'ai une idée pour échapper à l'aigle. Je vais éblouir l'aigle avec la pierre du Soleil. »","Amis Nicolas, Émilie et Léo se tenaient en silence, ne faisant pas de bruit pour ne pas attirer l'attention de l'aigle. L'aigle passa au-dessus d'eux sans les voir. Léo signala à ses amis de courir et prit la tête du groupe pour les guider. Cependant, la jambe de Nicolas, bien que guérie, restait fragile et il ne pouvait pas courir aussi vite que les autres. Alors qu'il tentait de les rattraper, l'aigle le vit et plongea sur lui, griffes en avant, prêt à l'attraper. – Oh non ! pleura Émilie. Nicolas eut juste le temps de se cacher derrière un nid avant que les griffes ne le touchent. – Phew ! Il a manqué de peu. Il ne va pas en rester là. Il reviendra. Heureusement, j'ai une idée ! dit Émilie. Elle prit la pierre du Soleil qui pend"
16,Nous sommes en 1872. Phileas Fogg est un gentleman anglais. On ne sait pas grand-chose de lui. Il est assez mystérieux. Phileas Fogg n'a pas quitté Londres depuis des années.,L'histoire se passe en 1872. Phileas Fogg est le héros anglais de l'histoire. Phileas Fogg vit à Londres. Londres est une ville en Angleterre. lhistoire le héros anglais Londres l'Angleterre,"Phileas Fogg est un gentleman anglais qui vit à Londres depuis longtemps. On ne sait pas beaucoup de choses sur lui. Il est un mystérieux. Phileas Fogg n'a pas quitté Londres depuis des années.

Un jour, il annonce qu'il va faire le tour du monde en 80 jours. Personne ne croit à son projet. Mais Phileas Fogg est déterminé.

Il part avec son valet, Passepartout, et ils voyagent à travers l'Inde, l'Asie, l'Amérique et l'Europe. Ils rencontrent des difficultés, mais Phileas Fogg ne s'arrête pas.

Finalement, ils arrivent à Londres après 80 jours exactement. Phileas Fogg a gagné une grande somme d'argent. Personne ne pouvait le croire, mais il a réussi son aventure.

Phileas Fogg est un homme déterminé et courageux. Il a prouvé qu'il est possible de faire le tour du monde en 80 jours"
17,"Sept jours après le départ des 2 hommes, le détective Fix fait paraître une dépêche demandant l'arrestation de Phileas Fogg. Le détective Fix pense que Phileas Fogg est le gentleman qui a cambriolé la banque d'Angleterre et qu'il a entrepris ce tour du monde dans le seul but d'échapper à la police.","un détective Il a cambriolé. la banque la police 7 jours après le départ de Phileas Fogg et Passepartout, le détective Fix accuse Phileas Fogg : « C'est Phileas Fogg qui a cambriolé la banque d'Angleterre. Je suis sûr que Phileas Fogg fait le tour du monde pour échapper à la police ! »","Sept jours après leur départ, le détective Fix publie un avis d'arrêt pour Phileas Fogg. Il pense que Phileas Fogg est le voleur de la banque d'Angleterre et qu'il a commencé son tour du monde pour échapper à la police. Il est important d'arrêter Phileas Fogg immédiatement."
18,"A Hong-Kong, Phileas Fogg, Passepartout, Fix et Aouda manquent le départ pour le Japon. Passepartout va sur le port pour réserver le bateau. Passepartout rencontre l'inspecteur Fix sur le port. « Le 28 septembre un vol a été commis à la banque d' Angleterre par un individu ressemblant étrangement à Mr Fogg - Mon maître est le plus honnête homme du monde. » L'inspecteur Fix glisse dans la main de Passepartout une pipe chargée d'opium. Passepartout s'endort.","Le train arrive à Hong-Kong. Phileas Fogg, Passepartout et Aouda veulent prendre le bateau pour le Japon. L'inspecteur Fix parle avec Passepartout. « Phileas Fogg a volé la banque d'Angleterre. Il faut m'aider à l'arrêter. - Phileas Fogg n'est pas un voleur ! » L'inspecteur Fix donne de la drogue à Passepartout. Passepartout s'endort. Hong-Kong Il parle. de la drogue . Il s'endort.","À Hong-Kong, Phileas Fogg, Passepartout, Fix et Aouda manquent le bateau pour le Japon. Passepartout va au port pour réserver un autre bateau. Il rencontre l'inspecteur Fix sur le port. L'inspecteur Fix dit à Passepartout : ""Le 28 septembre, un vol a été commis à la banque d'Angleterre par un homme qui ressemble beaucoup à M. Fogg. Mais mon maître est le plus honnête homme du monde."" L'inspecteur Fix donne une pipe chargée d'opium à Passepartout. Passepartout s'endort.

Passepartout s'endort et ne prend pas la pipe. Il se réveille plus tard et continue à aider Phileas Fogg et les autres à voyager autour du monde."
19,"Comment Phileas Fogg a-t-il pu se tromper d'un jour ? En voyageant vers l'Est, il a vu le soleil se lever 80 fois alors que ses amis restés à Londres ne l'ont vu se lever que 79 fois. Peu importe ! En faisant son tour du monde en 80 jours Phileas Fogg a vécu de nombreuses aventures. Il a gagné son pari, mais il a surtout rencontré Aouda, sa charmante épouse, qui le rend le plus heureux des hommes. Ne ferait-on pas pour moins que cela le tour du monde ?",des aventures Il a gagné. Il est très heureux. le tour du monde Phileas Fogg a vécu beaucoup d'aventures. Il a gagné son pari. Il a rencontré Aouda. Il est très heureux. Il a bien fait de faire le tour du monde ! F I N,"Phileas Fogg voyagé vers l'Est et vit le soleil lever 80 fois. Cela ne change rien, car il a gagné son pari. Il a vécu de nombreuses aventures. Il a rencontré Aouda, sa belle épouse, qui le rend heureux. N'importe quoi, il aurait fait le tour du monde pour elle."
20,"– Monsieur de Peyrehorade nous dit à Jean Coll et moi de déraciner un vieil olivier qui était gelé. Jean Coll qui y allait de tout cœur, il donne un coup de pioche et j'entends bimm... Et voilà qu'il paraît une main noire, qui semblait la main d'un mort. Moi, la peur me prend. Je m'en vais à Monsieur et je lui dis : – Des morts, sous l'olivier ! Il vient et il s'écrie. Vous auriez cru qu'il avait trouvé un trésor. Et le voilà, avec la pioche, avec les mains, qui se démène.","« L'arbre était gelé. Monsieur de Peyrehorade a dit d'enlever l'arbre avec Jean. Jean a tapé sur quelque chose avec une pelle. Quand Jean a tapé, il y a eu un bruit. Une main noire sortait de la terre. J'avais très peur. Je vais voir Monsieur de Peyrehorade. Je dis à Monsieur de Peyrehorade que j'ai vu un mort. Monsieur de Peyrehorade est content. Il dit que c'est un trésor. Il creuse ».","Olivier gelé, Monsieur de Peyrehorade nous a dit à Jean Coll et moi de le déraciner. Jean Coll, avec enthousiasme, donne un coup de pioche. Puis je l'entends hurler : ""Bimm!"" Et voilà qu'une main noire apparaît, semblable à celle d'un mort. Je suis effrayé. Je vais à Monsieur et lui dis : ""Des morts, sous l'olivier !"" Il vient et il hurle comme s'il avait trouvé un trésor. Et voilà, il se met à travailler avec la pioche et ses mains."
21,"Au milieu des allées et venues de ses parents, M. Alphonse de Peyrehorade ne bougeait pas. C'était un grand jeune homme de vingt-six ans, d'une physionomie belle et régulière, mais manquant d'expression. Sa taille et ses formes athlétiques justifiaient bien la réputation d'infatigable joueur de paume qu'on lui faisait dans le pays. Il était ce soir-là habillé avec élégance. Mais il me semblait gêné dans ses vêtements. Ses mains grosses et hâlées contrastaient singulièrement avec son costume. Il ne m'adressa qu'une seule fois la parole dans toute la soirée, ce fut pour me demander où j'avais acheté la chaîne de ma montre.",Monsieur et Madame de Peyrehorade sont agités. Alphonse est le fils de Monsieur et Madame de Peyrehorade. Alphonse ne bouge pas Alphonse est jeune. Il est beau. Il est musclé. Il est bien habillé. Mais Alphonse est mal à l'aise. Ses mains sont moches. Alphonse ne parle pas beaucoup.,"Grand jeune homme de vingt-six ans, M. Alphonse de Peyrehorade était immobile au milieu des allées et venues de ses parents. Il était beau et régulier, mais son visage manquait d'expression. Sa taille et sa physique athlétique justifiaient bien sa réputation d'infatigable joueur de paume. Cette soirée, il était habillé élégamment. Cependant, ses mains grosses et rugueuses contrastaient avec son costume. Il ne m'a parlé qu'une seule fois, pour me demander où j'avais acheté ma chaîne de montre."
22,"– Samedi, les jeunes gens mariés, je suis libre, nous nous mettons en course. Je vous réserve une fière surprise pour demain. – Je crois deviner la surprise que vous me préparez, lui dis-je. Mais si c'est de votre statue qu'il s'agit, la description que mon guide m'en a faite n'a servi qu'à exciter ma curiosité. – Demain, au grand jour, vous la verrez, et vous me direz si j'ai raison de la croire un chef-d'œuvre. Je suis bien curieux de savoir comment vous traduirez cette inscription sur le socle : CAVE… Mais je ne veux rien vous demander encore ! À demain, à demain ! Pas un mot sur la Vénus aujourd'hui !","« Samedi les deux jeunes seront mariés. Demain je vous montre une surprise » « Si la surprise c'est la statue, je suis content. Le guide m'a parlé de la statue. » « Demain vous verrez la statue le jour. Vous me direz si vous la trouvez très belle. Moi je la trouve très belle. La statue est posée sur un bloc de pierre. Sur le bloc de pierre, il y a des écritures. Vous me direz demain ce que veulent dire les écritures ».","Samedi, nous allons en course, moi et mes jeunes mariés. J'ai une belle surprise pour vous demain. Je pense que je devine ce que vous m'avez préparé, dis-je. Mais si c'est votre statue, la description que mon guide m'a donnée m'a seulement fait plus curieux. Demain, vous verrez, et vous me diraurez si je suis correcte. Je suis curieuse de savoir comment vous traduirez cette inscription sur le socle : CAVE... Mais je ne veux pas vous dire plus pour maintenant ! À demain, à demain ! Pas un mot sur la Vénus aujourd'hui !

(Emotion : Curiosité, intensité : forte)"
23,"Le souper finit. J'étais fatigué. Mme de Peyrehorade s'en aperçut et remarqua qu'il était temps d'aller dormir. Je montai enfin à la chambre qui m'était destinée, accompagné de M. de Peyrehorade. L'escalier, dont les marches étaient en bois, aboutissait au milieu d'un corridor, sur lequel donnaient plusieurs chambres. – À droite, me dit mon hôte, c'est l'appartement que je destine à la future Mme Alphonse. Votre chambre est au bout du corridor opposé. Nous entrâmes dans une chambre bien meublée, avec un lit long et si haut qu'il fallait un escabeau. Mon hôte, m'ayant indiqué la position de la sonnette, me souhaita une bonne nuit et me laissa seul.",Je suis fatigué. « Vous êtes fatigué. Allez dormir. » Je monte dans ma chambre avec M de Peyrehorade. Il y a un escalier. L'escalier va à plusieurs chambres. « À droite c'est la chambre de la future femme d'Alphonse. Votre chambre est loin à gauche. » La chambre est grande. Dans la chambre il y a un grand lit. M de Peyrehorade me montre la sonnette pour appeler si j'ai besoin de quelque chose. « Bonne nuit ! »,"Dîner terminé, j'étais fatigué. Madame de Peyrehorade a remarqué et a dit que c'était temps de dormir. Enfin, j'ai monté dans ma chambre, accompagné de M. de Peyrehorade. L'escalier, avec des marches en bois, aboutissait au milieu d'un couloir, sur lequel ouvraient plusieurs chambres. – À droite, mon hôte m'a dit, c'est l'appartement destiné à Madame Alphonse. Ma chambre est au bout du couloir opposé. Nous sommes entrés dans une chambre bien meublée, avec un lit long et si haut qu'il fallait un échelle. Mon hôte m'a indiqué la position de la sonnette et m'a souhaité une bonne nuit avant de m'abandonner seul."
24,"Ils s'arrêtèrent pour regarder la statue ; un d'eux l'apostropha même à haute voix. – Te voilà donc, coquine ! Te voilà ! Disait-il. C'est donc toi qui as cassé la jambe à Jean Coll ! Si tu étais à moi, je te casserais le cou. – Bah !, avec quoi ? dit l'autre. Elle est de cuivre, et si dure qu'Étienne a cassé sa lime dessus, essayant de l'entamer. C'est plus dur que je ne sais quoi. – Si j'avais mon ciseau à froid je lui ferais bientôt sauter ses grands yeux blancs, comme je tirerais une amande de sa coquille. Il y a pour plus de cent sous d'argent. Ils firent quelques pas en s'éloignant.","« Tu es là coquine ! C'est toi qui as cassé la jambe de Jean. Si tu étais à moi, je te casserai le cou » « Tu lui casserais le cou avec quoi ? Un garçon a essayé de casser la statue avec un outil. Mais la statue est très dure. La statue a cassé l'outil. » « Si j'avais mes outils, j'enlèverai les grands yeux blancs de la statue. Je gagnerais beaucoup d'argent si je vends les yeux de la statue. » Les garçons partent.","Regardent la statue, un d'eux l'appelle même. – Voilà donc toi, coquine ! Voilà ! dit-il. C'est toi qui as cassé la jambe à Jean Coll ! Si tu était ici, je te frapperais. – Bah !, avec quoi ? dit l'autre. La statue est de cuivre et très dure. Étienne a essayé de la marquer avec sa lime, mais elle est plus dure que je ne sais quoi. – Si j'avais mon ciseau, je te ferais bientôt sauter les yeux blancs. Il y a 100 sous d'argent sur la statue. Ils se retirent quelques pas.

(Emotion : colère forte)"
25,"– Il faut que je souhaite le bonsoir à l'idole, dit le plus grand des apprentis, s'arrêtant tout à coup. Il se baissa, et probablement ramassa une pierre. Je le vis déployer le bras, lancer quelque chose, et aussitôt un coup sonore retentit sur le bronze. Au même instant l'apprenti porta la main à sa tête en poussant un cri de douleur. – Elle me l'a rejetée ! s'écria-t-il. Et mes deux polissons prirent la fuite à toutes jambes. Il était évident que la pierre avait rebondi sur le métal, et avait puni ce drôle. Je fermai la fenêtre en riant de bon cœur. – Encore un Vandale puni par Vénus ! Je m'endormis.",« Je dois dire bonsoir à la statue ». Le garçon s'arrête. Le garçon se baisse. Il prend une pierre. Il jette la pierre sur la statue. On entend un grand bruit. Un garçon met sa main sur sa tête. Le garçon a mal. « La statue m'a rejeté la pierre ! » Les deux garçons partent en courant. La pierre a rebondi sur la statue. C'est bien fait pour eux. La statue a puni les deux garçons. Je m'endors.,"Bonsoir, je veux dire bonsoir à ma célébrité, dit le plus grand des apprentis, s'arrêtant brusquement. Il se pencha et probablement ramassa une pierre. Puis il lance quelque chose et un bruit retentit sur le bronze. Au même moment, l'apprenti se mit la main à la tête et poussa un cri de douleur. – Elle m'a rejetée ! s'écria-t-il. Et mes deux compagnons s'enfuirent. Il était clair que la pierre avait rebondi sur le métal et avait puni ce drôle. Je fermai la fenêtre en riant. – Un autre vandale puni par Vénus ! Je me couche."
26,"En cinq minutes je fus prêt, c'est-à-dire à moitié rasé, mal boutonné, et brûlé par le chocolat que j'avalai bouillant. Je descendis dans le jardin, et me trouvai devant une admirable statue. C'était bien une Vénus et d'une merveilleuse beauté. Elle avait le haut du corps nu ; la main droite, levée à la hauteur du sein, était tournée. L'autre main, rapprochée de la hanche, soutenait la draperie qui couvrait la partie inférieure du corps.",Je me prépare vite. Je descends dans le jardin. Dans le jardin je vois une belle statue. La statue est très jolie. La statue a les seins nus. La statue a la main droite levée. La main gauche de la statue tient le tissu qui couvre le bas. Le corps de la statue est parfait.,"En cinq minutes, je suis prêt, c'était demi rasé, mal boutonné et brûlé par du chocolat bouillant que j'ai mangé. J'ai descendu dans le jardin et j'ai trouvé une statue magnifique. C'était bien une Vénus et d'une beauté merveilleuse. Elle avait le haut du corps nu ; la main droite, levée à la hauteur du sein, était tournée. L'autre main, près de la hanche, tenait la draperie qui couvrait la partie inférieure du corps.

Je ressentais une grande joie de voir cette statue si belle."
27,"– Humph ! dit M. de Peyrehorade, Oui, c'est un sens admirable ; mais je préfère la première traduction – C'est une terrible langue que le latin », observai-je. Et je reculai de quelques pas afin de mieux contempler la statue. – Un instant, dit monsieur de Peyrehorade, il y a encore une autre inscription. Montez sur le socle et regardez au bras droit."" Je m'accrochai au cou de la Vénus. Je lus donc. – Ce qui veut dire, me demanda mon hôte souriant avec malice ? – TURBUL m'embarrasse fort. – Voyons, que diriez-vous de TVRBVLENTA ? Vénus qui trouble, qui agite… Vous vous apercevez que je suis toujours préoccupé de son expression méchante ».","« Oui ! C'est un beau sens. Mais sans vous embêter, je préfère la première traduction ». « Le latin est une langue ancienne. Le latin est difficile. » Je recule pour voir la statue. « Regardez, il y a une autre écriture au bras droit ». Je vais regarder. Sur le bras, je vois une écriture ancienne. Je la lis. « Ça veut dire quoi ? » Monsieur de Peyrehorade s'amuse. « Je réfléchis à son air méchant. Ça veut dire : femme agitée ! »","Voyons, M. de Peyrehorade, c'est vraiment magnifique ! Mais je préfère la première traduction. Ah oui, il y a encore une autre inscription. Montez sur le socle et regardez au bras droit. Alors, je lis : TURBUL m'embarrasse fort. Qu'est-ce que cela veut dire ? Ah oui, voilà, TVRBVLENTA. Vénus qui trouble, qui agite... Vous voyez bien que je suis toujours préoccupé de son expression méchante."
28,"– Avez-vous appris quelque chose de Mme Alphonse ? demandai-je au procureur. – Cette malheureuse jeune personne est devenue folle, me dit-il. Voici ce qu'elle conte : elle était couchée, dit-elle, lorsque la porte de sa chambre s'ouvrit, et quelqu'un entra. Alors Mme Alphonse était dans la ruelle du lit. Elle ne fit pas un mouvement, persuadée que c'était son mari. Au bout d'un instant, le lit cria comme s'il était chargé d'un poids énorme. Elle eut grand peur, mais n'osa pas tourner la tête. Cinq minutes, dix minutes peut-être… elle ne peut se rendre compte du temps… se passèrent de la sorte.",Je parle avec la police. « La mariée vous a dit quelque chose ? » « Cette jeune personne est devenue folle ! Elle m'a raconté ce qu'elle a vu. » « Je me suis couchée dans la chambre. La porte de la chambre s'ouvre. Quelqu'un entre dans la chambre. Je ne bouge pas. Je pense que la personne est Alphonse. Le lit fait beaucoup de bruit. Le lit fait du bruit comme si une personne énorme était dessus. J'ai très peur. Je ne regarde pas. »,"Tu as-tu appris quelque chose de Mme Alphonse ? Demande-moi le procureur. – C'est une jeune femme malheureuse qui est devenue folle, me dit-il. Voici ce qu'elle raconte : elle dormait dans sa chambre, dit-elle, lorsque la porte s'ouvrit, et quelqu'un entra. Alors Mme Alphonse était dans le lit. Elle ne bougea pas, persuadée que c'était son mari. Puis le lit criait comme s'il était chargé d'un poids très lourd. Elle eut peur, mais ne se mit pas à tourner la tête. Cinq minutes, dix minutes peut-être… elle ne sait pas combien de temps s'est passé… se passèrent de la sorte. Elle avait peur."
29,"Quelques heures après les funérailles de M. Alphonse, je me disposai à quitter llle. La voiture de M. de Peyrehorade devait me conduire à Perpignan. Malgré son état de faiblesse, le pauvre vieillard voulut m'accompagner jusqu'à la porte de son jardin. Nous le traversâmes en silence. Au moment de nous séparer, je jetai un dernier regard sur la Vénus. M. de Peyrehorade tourna machinalement la tête du côté où il me voyait regarder fixement. Il aperçut la statue et aussitôt fondit en larmes. Je l'embrassai, et, sans oser lui dire un seul mot, je montai dans la voiture.",C'est l'enterrement d'Alphonse. Je m'en vais. Je marche avec M. de Peyrehorade. Monsieur de Peyrehorade regarde la statue Monsieur de Peyrehorade se met à pleurer. J'embrasse Monsieur de Peyrehorade. Je pars.,"Après la mort de M. Alphonse, je suis prêt à partir. M. de Peyrehorade m'accompagnera jusqu'à la porte de son jardin. Malgré sa faiblesse, il veut me suivre. Nous traversons le jardin en silence. Quand nous nous séparons, je regarde une dernière fois vers la statue de Vénus. M. de Peyrehorade tourne la tête vers la statue et pleure. Je l'embrasse et monte dans la voiture sans dire un mot."
30,"On fait, à New York, les préparatifs d'une expédition. Le commandant Farragut presse activement l'armement de sa frégate « l'Abraham-Lincoln » Trois heures avant que « l'Abrahm-Lincoln » ne quitte le port de Brooklyn, Pierre Aronnax, professeur au muséum de Paris reçoit une lettre : « Si vous voulez vous joindre à l'expédition de « l'Abraham-Lincoln », le commandant Farragut tient une cabine à votre disposition. »",Le commandant Farragut est américain. Le commandant Farragut a un bateau. Pierre Aronnax est : • français • professeur dans un musée • journaliste Le commandant invite Pierre Aronnax pour chasser la chose bizarre.,"Préparations en cours à New York pour une expédition. Le commandant Farragut pousse vivement l'armement de son navire, la frégate ""Abraham-Lincoln"". Trois heures avant que le ""Abraham-Lincoln"" ne quitte le port de Brooklyn, le professeur Pierre Aronnax, enseignant au musée de Paris, reçoit une lettre : ""Si vous voulez vous joindre à l'expédition de l'""Abraham-Lincoln"", le commandant Farragut vous offre une cabine."" (Joie forte)"
31,"Pierre Arronax passe ensuite dans un salon immense et splendidement éclairé. Une main intelligente et prodigue y a réuni tous les trésors de la nature et de l'art. Une trentaine de tableaux de maîtres ornent les parois tendues de tapisseries. Auprès des œuvres d'art, les raretés naturelles tiennent une place très importante. Elles consistent principalement en plantes, en coquilles et autres productions de l'océan. Pierre Arronax voit là, une collection d'une valeur inestimable.","Le capitaine Nemo montre ensuite son salon Dans le salon du capitaine Nemo, il y a : • des tableaux • des coquillages et des coraux • des mollusques et des étoiles de mer. Le salon du capitaine Nemo ressemble à un musée.","Pierre Arronax entre dans une grande et lumineuse pièce. Il y a des tableaux de grands artistes et des tapisseries sur les murs. Il y a aussi des raretés naturelles, comme des plantes, des coquilles et des produits de la mer. C'est une collection très précieuse. Pierre Arronax est étonné."
32,"Pendant plusieurs jours, le Nautilus flotte dans des ondes brillantes. Pierre Aronnax admire les gros animaux marins. Il voit des marsouins élégants et rapides et des poissons scies longs de 3 mètres. C'est un éblouissant spectacle ! Le 19 janvier, le capitaine Nemo ouvre la porte du salon : « Etes-vous médecin, monsieur Aronnax ? – En effet, je suis docteur. » Le capitaine Nemo conduit Pierre Aronnax dans une cabine. Là, sur un lit, repose un homme blessé. Le crâne fracassé montre la cervelle à nu. « Cet homme sera mort dans 2 heures. »","Le 16 janvier, Pierre, Ned, Conseil et le capitaine Nemo voient des marsouins et des poissons scies. Le 19 janvier, le capitaine Nemo est triste car un de ses amis est blessé. Pierre est médecin, alors il va soigner l'ami du capitaine. « La blessure est très grave. Je suis désolé, votre ami va mourir. »","Le Nautilus glisse sur des ondes lumineuses. Pierre Aronnax regarde des animaux marins magnifiques. Il voit des dauphins élégants et rapides et des poissons scies longs de 3 mètres. C'est un spectacle incroyable ! Le 19 janvier, le capitaine Nemo ouvre la porte du salon : ""Es-tu médecin, monsieur Aronnax ? - Oui, je suis docteur."" Le capitaine Nemo mène Pierre Aronnax dans une chambre. Là, sur un lit, dort un homme blessé. Sa tête brisée montre son cerveau nu. ""Cet homme mourra dans 2 heures."""
33,"Le lendemain, accompagnés de Nemo et d'une douzaine d'hommes d'équipage, Pierre Aronnax, Ned Land et Conseil prennent pied à une profondeur de 10 mètres sur le sol ferme où repose le Nautilus. C'est le royaume du corail, ces forêts pétrifiées que la nature a planté au fond des mers. Au milieu d'une clairière, se dresse une croix en corail. Un homme commence à creuser un trou au pied de la croix. Cette clairière est un cimetière. Le capitaine Nemo et ses hommes enterrent leur compagnon au fond de l'océan. Le capitaine et ses hommes recouvrent la tombe. Ils s'agenouillent et étendent leur main en signe de suprême adieu.","L'ami du capitaine Nemo est mort. Pierre, Conseil, Ned, le capitaine Nemo et des marins descendent au fond de l'océan. Ils voient : • une magnifique barrière de corail. • une croix en corail. Ils creusent un grand trou à côté de la croix pour enterrer l'ami du capitaine Nemo.","Le lendemain, accompagnés de Nemo et d'une équipe, Pierre, Ned et Conseil marchent sur un sol dur à 10 mètres sous la mer, où reposait le Nautilus. C'était le royaume du corail, des forêts pétries que la nature avait plantées au fond des mers. Au milieu d'une clairière, se dressait une croix de corail. Un homme commençait à creuser un trou au pied de la croix. Cette clairière était un cimetière. Le capitaine Nemo et ses hommes enterrèrent leur ami au fond de l'océan. Le capitaine et ses hommes recouvrirent la tombe. Ils se genouillèrent et étendirent leur main en signe de dernier adieu."
34,"Le Nautilus arrive dans la mer Méditerranée. Le lendemain, il navigue vers l'île de Crète. Le soir, au salon, le capitaine Nemo semble préoccupé. Il ordonne d'ouvrir les deux panneaux du salon. Il observe attentivement la masse des eaux. Soudain un plongeur, portant une bourse de cuir apparaît. Le capitaine Nemo lui fait un signe et le plongeur lui répond. Ensuite, le capitaine se dirige vers un meuble rempli de lingots d'or. Il prend les lingots et les range dans un coffre. Quatre hommes paraissent et poussent le coffre hors du salon. Le capitaine quitte le salon et Pierre Aronnax rentre dans sa chambre, fort intrigué.","Le 10 février, le Nautilus est à côté de la Crête. La Crête est dans la mer Méditerranée. Pierre et le capitaine Nemo voient un plongeur par la fenêtre. Le capitaine Nemo et le plongeur se saluent. Le capitaine Nemo met des lingots d'or dans un coffre. 4 hommes emportent le coffre. « C'est bizarre ! »","Le Nautilus arrive dans la mer Méditerranée. Le lendemain, il navigue vers l'île de Crète. Le soir, dans la salle, le capitaine Nemo semble inquiet. Il ouvre les deux portes de la salle. Il regarde attentivement l'eau. Brusquement, un plongeur apparaît, portant une sac à dos. Le capitaine Nemo lui donne un signe et le plongeur répond. Puis, le capitaine se dirige vers un meuble plein d'or. Il prend les lingots et les met dans un coffre. Quatre hommes apparaissent et poussent le coffre hors de la salle. Le capitaine quitte la salle et Pierre Aronnax rentre dans sa chambre, très curieux."
35,"Pierre Aronnax se réveille fort tard le lendemain, Il raconte son excursion nocturne à Conseil. Il lui raconte l'histoire des habitants de l'Atlantide mais Conseil est distrait par les nombreux poissons et ne regarde pas le continent submergé. Le 14 mars, Pierre Aronnax aperçoit des glaces flottantes et le 16 mars, le Nautilus coupe le cercle polaire antarctique. Les glaces entourent le Nautilus de toutes parts et ferment l'horizon. Ils sont devant la banquise : une interminable et immobile barrière formée de montagnes de glaces soudées entre elles.","Le capitaine Nemo et Pierre rentrent dans le Nautilus. Pierre veut dire ce qu'il a vu à Conseil mais Conseil préfère regarder la mer. Le 14 mars, Pierre et Conseil voient des icebergs. Les icebergs sont des gros blocs de glace qui flottent sur l'eau. Le 16 mars, le Nautilus arrive au pôle Sud.","Pierre Aronnax se réveille tard le lendemain. Il raconte son voyage de nuit à Conseil. Il lui parle de la ville sous-marine, Atlantide, mais Conseil est distrait par les poissons et ne regarde pas le continent sous la mer. Le 14 mars, Pierre Aronnax voit des glaces flottantes et le 16 mars, le Nautilus coupe le cercle polaire antarctique. Les glaces entourent le Nautilus partout et ferment l'horizon. Ils sont devant la banquise : une barrière de glaces énormes, soudées ensemble."
36,"Les marins deviennent enragés contre les monstres. Dix ou douze poulpes envahissent la plateforme. Le harpon de Ned Land plonge dans les yeux glauques des calmars. Mais Ned Land est soudain renversé par les tentacules d'un monstre qui ouvre son bec pour le couper en deux. La hache du capitaine Nemo disparait entre les deux mandibules et, sauvé, Ned Land plonge son harpon tout entier jusqu'au cœur du poulpe. Les monstres vaincus, mutilés, frappés à mort, disparaissent enfin dans les flots. La Nautilus navigue vers le Nord.","D'autres krakens arrivent sur le Nautilus. Ned crève les yeux des krakens avec son harpon. Un kraken attrape Ned dans son bec. Le capitaine Nemo sauve Ned. Les krakens partent enfin. Le Nautilus navigue vers le Nord jusqu'au 30 mai. Le 30 mai, le Nautilus est proche de l'Angleterre.","Marins furieux face aux calamars. Dix à douze poulpes envahissent la plateforme. Le harpon de Ned Land pénètre dans les yeux glauques des poulpes. Mais Ned Land est soudain renversé par les tentacules d'un monstre qui ouvre sa gueule pour le mordre en deux. La hache du capitaine Nemo disparaît entre les deux mâchoires et, sauvé, Ned Land plonge son harpon tout entier jusqu'au cœur du poulpe. Les calamars vaincus, mutilés, battus, disparaissent enfin dans les flots. La Nautilus navigue vers le Nord.

Les marins sont en colère contre les calamars. Dix à douze poulpes envahissent la plateforme. Le harpon de Ned Land pénètre dans les yeux glauques des poulpes. Mais Ned Land est soudain renversé par les tentacules d'un monstre qui ouvre sa gueule pour le mordre en deux. La hache du capit"
37,"Le temps est clair, la mer est calme. Nous suivons les côtes anglaises. L'emplacement de chacun pour la pêche est tiré au sort pour ne pas provoquer de différence entre les hommes. Cet emplacement sera définitif pour toute la campagne. Plus nous avançons, plus il fait froid. La flotte partie de Dunkerque s'est éparpillée. Nous nous collons à nos tâches avec grand sérieux. Père nous apprend à nous servir du sextant, du compas. Parfois, durant les nuits où l'on voit les étoiles, père nous réveille pour nous montrer les dessins qu'elles forment. Papa connaît aussi le sujet des phares sur le bout des doigts. « Les côtes anglaises sont les plus illuminées du monde avec leurs 54 feux contre 14 en France. » Le jour, c'est grâce aux amers que nous nous repérons quand nous approchons des côtes.",Les marins tirent au sort leur place pour pêcher. Ils gardent la même place pendant 6 mois. Le père de Jules explique aux mousses : • le matériel pour naviguer • les étoiles • les phares. En 1888 : • Il y a 54 phares en Angleterre • Il y a 14 phares en France.,"Clair jour, mer calme. Nous naviguons le long des côtes anglaises. Chaque homme pêche à son tour pour éviter des conflits. Ce lieu est notre base pour toute la campagne. Plus nous avancons, plus il fait froid. Nos bateaux partis de Dunkerque sont dispersés. Nous travaillons sérieusement à nos tâches. Père nous enseigne à utiliser le sextant et le compas. Parfois, il réveille les garçons pour montrer les étoiles et leur dessins. Père connaît aussi les phares des côtes anglaises. « Les côtes anglaises ont plus de feux que la France, 54 contre 14. » Les jours, nous trouvons notre chemin grâce aux amers."
38,"Je regarde droit devant moi. « Terre, terre, Islande en vue. Oui mon gars, c'est l'Islande. Bienvenue au pays de glace. » Nous écarquillons nos yeux. Cette Islande est majestueuse, vêtue de son manteau blanc. Joseph s'égaie : « Nous sommes les premiers, nous sommes les premiers ! » Clovis nous explique : « Toutes ces montagnes blanches sont des volcans recouverts de neige. Ce qui paraît inoffensif peut se transformer en véritable terreur.","Les marins voient une terre. C'est l'Islande. L'Islande est belle et toute blanche. Le bateau de Jules est arrivé le premier à Islande. Les montagnes d'Islande sont des volcans, alors ça peut être dangereux.","Je regarde devant moi. ""Voici l'Islande, voilà. Bienvenue dans le pays de glace."" Nous ouvrons les yeux grand ouverts. L'Islande est magnifique, vêtue de son manteau blanc. Joseph est heureux : ""Nous sommes les premiers, nous sommes les premiers !"" Clovis nous explique : ""Ces montagnes blanches sont des volcans recouverts de neige. Ce qui semble calme peut devenir vraiment effrayant."""
39,"Pour la sécurité des hommes, le tonnelier et le saleur amarrent les tonnes avec les bouts afin de les bloquer en cas de roulis. Maintenant nous patientons. Le capitaine observe le ballet des macareux. Nous les suivons car ils repèrent les bancs de poissons. Nous sommes habillés chaudement : le suroît sur la tête, le pull de laine, le tablier et les manchettes cirés à l'huile de lin pour protéger le torse et les avant-bras. A nos pieds sont posés des paniers avec les lignes de pêche. Ces dernières sont descendues à différentes profondeurs. Le but consiste à tomber pile sur ce satané banc de morues. Ça y est, nous sommes dans le banc, les morues sont claquées sur le pont. La chance est avec nous, la pêche va durer des heures, j'ai les doigts gelés. Les marins ne prennent que vingt à trente minutes de pause pour manger.",Les tonnes sont attachées sur le bateau pour ne pas blesser les marins. les macareux savent où sont les poissons. Les marins suivent les macareux pour trouver les poissons. Il fait très froid. Les marins portent des habits chauds. Ils descendent les lignes jusqu'aux morues. Il y a beaucoup de morues. La pêche dure longtemps.,"Pour la sécurité, nous attachons les tonnes pour les bloquer en cas de mouvement. Nous attendons maintenant. Le capitaine regarde les macareux danser. Nous les suivons car ils montrent où sont les poissons. Nous sommes chauds : chapeau de laine, pull, tablier et manchettes recouverts d'huile d'olive pour protéger le torse et les bras. Nos pieds portent des paniers avec des lignes de pêche. Elles sont descendues à différentes profondeurs. Nous voulons tomber sur le banc de morues. Voilà, nous sommes sur le banc, les morues sautent sur le pont. La chance est avec nous, la pêche durera des heures, mes doigts sont gelés. Les marins prennent seulement vingt à trente minutes de pause pour manger."
40,"Nous avons passé le banc de poissons mais ce n'est pas pour autant que le travail diminue, au contraire ! La moitié de l'équipage nettoie les bêtes. Les matelots deviennent décolleurs et décapitent l'animal. Puis ils le lavent dans un grand panier. Ensuite c'est au trancheur de prendre la relève. Il enlève l'arête centrale, il récupère la langue, les joues et le foie. Quelques têtes entières de morues sont mises à part pour préparer le bouillon du soir. Nous devons saler les morues directement sur le bateau pour la conserver. Le sang jaillit des morues, imprègne nos vêtements. Tout est rouge ! Le sang s'écoule sous nos pieds. « Plus une goutte de sang sur la bestiole avant le salage, vous le savez les gars. Les meilleurs pêcheurs sont les Dunkerquois.»","Quand la pêche est finie, les marins nettoient et découpent les morues : • pour prendre les joues, • pour prendre les langues • pour prendre les foies • pour préparer la soupe avec les têtes. Pour conserver les morues, il faut : • bien laver les morues pour ôter le sang • saler les morues sur le bateau. Les Dunkerquois sont les meilleurs pêcheurs de morues.","Nous avons pêché des morues. Nous les nettoyons maintenant. Les marins nettoient les poissons. Ils couper les têtes et les lavent dans un grand panier. Puis le trancheur prend le relais. Il enlève la partie centrale, la langue, les joues et le foie. Quelques têtes entières sont mises de côté pour préparer le bouillon. Nous salons les morues sur le bateau pour les conserver. Le sang coule partout, nous sommes rouges ! Le sang se répand sous nos pieds. « Plus de sang sur les poissons avant le salage, vous le savez les gars. Les meilleurs pêcheurs sont les Dunkerquois. »"
41,"En moins d'une minute, chaque marin découpe 10 morues et les met en tonne. Après quelques jours de première salaison, on ressort les morues, on les rince dans leur saumure, on les égoutte, on les replace en fûts recouvertes d'une mince couche de sel. Trop de salaison, c'est foutu. Pas assez, c'est foutu aussi. C'est tout un art. Les langues, « kêlebet'ches » et les joues, « kakestecks » subissent le même sort. Le soir tombe et nous les mousses, épuisés, rinçons encore et encore le pont. Une agréable odeur nous chatouille les narines. Une bonne soupe nous attend, puis nous tomberons dans les bras de Morphée.","1 marin prépare 10 morues par minute. Il faut bien doser le sel pour les morues, sinon les morues sont foutues. Le soir, les marins nettoient le bateau. Après, ils mangent de la soupe. Après, ils sont épuisés, alors ils dorment.","Tous les marins coupent dix morues et les mettent dans des tonneaux. Après quelques jours de salaison, on les sort, on les rince, on les essuie, on les remet dans les tonneaux recouverts d'un peu de sel. Trop de sel, c'est mauvais. Pas assez, c'est aussi mauvais. C'est un art. Les langues et les joues subissent le même traitement. Le soir tombe et nous, les marins, nous rincons encore et encore le pont. Nous sentons une bonne odeur qui nous pique les nez. Une bonne soupe attend, puis nous somnolions dans les bras de Morphee."
42,"Au petit jour, j'aperçois un bonhomme de neige à la barre. C'est Philippe, le timonier. Seul est visible, son petit bout de cigarette. Des murs de neige nous entourent. Père nous demande de jeter de l'eau de mer sur le pont pour faire fondre cette neige aussi jolie que gênante. Nous faisons ensuite fondre de la neige pour récupérer de l'eau douce pour la cuisine. Le vent se met de la partie pour tout arranger. Il faut s'éloigner des côtes, le risque devient trop grand. Impossible de pêcher. Nous sommes dans des creux de 6 mètres. Une heure plus tard, incroyable, plus un pet de vent. C'est l'embellie ! Les oiseaux, rassurés de voir ce ciel dégagé, réapparaissent peu à peu. Au large, nous remarquons à nouveau les baleines, les côtes islandaises sont de toute beauté.","C'est le matin. Jules voit Philippe sur le pont. Philippe est tout blanc car il a neigé. Les marins jettent du sel sur le pont du bateau pour enlever la neige. Les marins chauffent la neige pour avoir de l'eau douce. Soudain, le vent se lève, la mer est dangereuse. Ça dure une heure, puis le beau temps revient. Les marins revoient : • des oiseaux • des baleines • les côtes de l'Islande.","Matin, je vois un homme de neige derrière la barre. C'est Philippe, le capitaine. Seul, il fume une cigarette petite. Nous sommes entourés de murs de neige. Mon père nous dit de jeter de l'eau de mer sur le pont pour faire fondre la neige qui est belle mais gênante. Puis nous faisons fondre la neige pour obtenir de l'eau douce pour la cuisine. Le vent s'arrête pour nous aider. Il faut nous éloigner des côtes, le danger est trop grand. Nous ne pouvons plus pêcher. Nous sommes dans des creux de 6 mètres. Une heure plus tard, le vent reprend. C'est un soulagement ! Les oiseaux, rassurés de voir le ciel dégagé, reviennent peu à peu. À l'horizon, nous voyons de nouveau les baleines, les côtes islandaises sont magnifiques."
43,"Nous arrivons au mois de mai, les jours rallongent bien. On passe d'un ciel gris et tourmenté, à un beau ciel bleu avec un soleil froid de 10 degrés. On me remet une lettre de maman pour papa. Maman n'est pas au courant. Les courriers se sont croisés. Maman a déposé des fleurs de muguet et de lilas séchées, dans un linge, entre les feuilles de sa lettre. Elle nous parle de sa grossesse qui se passe à merveille, malgré sa fatigue. Elle écrit au sujet de mon petit frère. Il est très sage et ma grande sœur est très courageuse. Elle déclare beaucoup prier pour nos vies et notre retour. Je craque et mes larmes coulent le long de mes joues.",C'est le mois de mai : • le jour dure plus longtemps • le temps s'améliore. La mère de Jules a écrit au père de Jules car elle ne sait pas encore que son mari est mort. La mère de Jules a écrit : • sa grossesse se passe bien • le frère de Jules est sage • la sœur de Jules est courageuse • elle prie pour Jules et son père.,"Mai est arrivé, les jours deviennent plus longs. Le ciel change de gris et tourmenté à bleu clair avec un froid soleil de 10 degrés. J'ai reçu une lettre de maman pour papa. Maman ne sait pas. Les courriers se sont croisés. Maman a mis des fleurs de muguet et de lilas sèches, dans un linge, entre les feuilles de sa lettre. Elle nous parle de sa grossesse qui va bien, malgré sa fatigue. Elle écrit sur mon petit frère. Il est très sage et ma grande sœur est très courageuse. Elle prie beaucoup pour notre vie et notre retour. J'ai des larmes aux yeux."
44,"Mon jour préféré est celui du troc. Les besaces à l'épaule, remplies de petites denrées, de l'alcool et autres broutilles, nous allons rencontrer les Islandais. J'accompagne Gaston et Clovis vers une maisonnette. On pénètre dans une grande pièce. Un feu brûle dans une belle cheminée mais quelle odeur ! Etant pauvres en bois, les Islandais se chauffent à la bouse de vache séchée pendant l'été. Beurk ! Clovis dépose sur la table une bouteille de genièvre. Gaston, lui, dépose des marrons, des noix et des noisettes. Les politesses accomplies, nous passons aux choses sérieuses. Le fils de la famille me propose un magnifique couteau dont le manche est formé d'une patte de mouton. En échange, je lui donne quelques biscuits et un pot de confiture de maman.","Les marins vont faire des échanges avec les Islandais. Les Islandais n'ont pas de bois alors, ils chauffent leurs maisons avec de la bouse de vache séchée. Clovis échange de l'alcool. Gaston échange des fruits secs. Jules échange de la confiture et des biscuits contre un couteau. Le couteau a un manche en os de mouton.","Mon jour préféré, c'est le jour du troc. J'accompagne Gaston et Clovis à une maisonnette. Nous entrons dans une grande pièce. Un feu brûle dans une belle cheminée, mais l'odeur est mauvaise ! Les Islandais ont peu de bois, ils se chauffent avec de la bouse de vache séchée pendant l'été. Eek ! Clovis met une bouteille de genièvre sur la table. Gaston met des marrons, des noisettes et des noix. Nous sommes politement accueillis. Nous passons à l'affaire sérieuse. Le fils de la famille me donne un magnifique couteau dont le manche est une patte de mouton. En échange, je lui donne quelques biscuits et un pot de confiture de maman."
45,"Les paysages sont magnifiques mais il y a peu de morues. Le second s'énerve : « Je sais où elles sont, moi, les morues. Vous allez en baver mais ça ne sera pas pour des prunes ! » Nous manœuvrons en position de pêche. Face au vent, nous déroulons des longueurs inouïes de ligne. A près de 300 mètres, le fond arrête les lignes. Gaston me prévient : « ça va chauffer ! » Le filin, autour de ma moufle se tend subitement. Je tire de toutes mes forces. Je crois que j'ai attrapé un rocher ! Mes bras s'engourdissent et s'alourdissent . Je transpire, je m'essouffle, je faiblis. Enfin, le barbillon d'une énorme morue apparaît hors de l'eau. Le second m'aide et la rattrape avec une gaffe. Non d'un chien, elle fait son poids, elle est plus grande que moi ! Mais ce n'est pas terminé, il faut s'y remettre inlassablement. Deux à trois heures se passent. Après cela, nous restons 10 heures sur nos paillasses, fatigués, usés, prostrés.","Le paysage est très beau Mais il n'y a pas de morues ! Les marins trouvent des morues à 300 mètres de profondeur. Jules pêche une énorme morue. La morue est plus grande que Jules. Les marins pêchent pendant 3 heures. Après, ils sont épuisés !","Belle vue mais peu de morues. Le second se met en colère : « Je sais où les morues sont, moi, les morues. Vous allez les pêcher mais c'est pas pour des prunes ! » Nous avons mis notre bateau pour pêcher. Face au vent, nous déroulons des longues lignes. À près de 300 mètres, le fond arrête les lignes. Gaston me dit : « ça va chauffer ! » Le filin autour de mon pied s'étire subitement. Je tire tout mon pouvoir. Je crois que j'ai attrapé une pierre ! Mes bras se ralentissent et s'endurent. Je suis gorgé de sueur, je me fatigue, je faiblis. Enfin, le barbillon d'une grande morue apparaît hors de l'eau. Le second me l'aide et la rattrape avec une gaffe. Non d'un chien, elle pèse, elle est plus grande que moi ! Mais c'est loin d'"
46,"Je suis surpris par l'arrivée du commandant : « Je t'invite cet après-midi sur mon bateau stationnaire, tu représenteras ton père. C'était un bon capitaine, je l'estimais beaucoup. » Sur le bateau stationnaire, tous les capitaines sont présents, il y a aussi les représentants des autorités islandaises. Quel confort sur ce bateau, c'est incroyable : On y trouve une cuisine avec un cuisinier, un coin d'aisance, de l'eau chaude et même un petit hôpital ! Un novice du stationnaire se moque de moi. Le capitaine prend ma défense : « Tu n'as pas honte, toi, gosse d'officier ? Tu veux prendre sa place et son travail éreintant ? Une journée et tu pleures dans les jupons de ta mère ! Tu auras un rapport et tu seras de corvée de pommes de terre et de toilettes jusqu'à notre retour. Compris ? » Sur le point de rentrer je remercie le capitaine.","Jules va sur le bateau des officiers avec tous les capitaines. Sur le bateau des officiers, il y a : • une cuisine avec un cuisinier • des toilettes, de l'eau chaude • un petit hôpital. Sur le bateau des officiers, un garçon se moque de Jules. Le commandant punit le garçon.","Sur le bateau immobile, le commandant m'invite cette après-midi. Tu dois représenter ton père, il était un bon capitaine et je l'aimais beaucoup. Tous les capitaines sont là, ainsi que des représentants islandais. Le bateau est confortable : il y a une cuisine avec un cuisinier, un coin d'aisance, de l'eau chaude et même un petit hôpital ! Un jeune marin me moque. Le capitaine me défend : ""Tu n'es pas honteux, toi, jeune officier ? Tu veux prendre sa place et son travail épuisant ? Une journée et tu pleureras dans les jupons de ta mère ! Tu auras un travail et tu travailleras à la cuisine et aux toilettes jusqu'à notre retour. Compris ?"" Avant de rentrer, je remercie le capitaine."
47,"Pas très loin d'ici se trouve un port écossais du nom d'Aberdeen. Il s'y trouve un chantier naval. Nous allons longer la côte pour nous y rendre. Nous demandons l'entrée dans le port écossais avec le pavillon de détresse. Un petit vapeur vient à notre rencontre et nous remorque jusqu'au quai. Ce chantier naval est spectaculaire, une vraie fourmilière. Un charpentier expérimenté se pointe devant nous, Clovis lui commande un espar de 8 mètres de long. « Ho, hisse ! Ho, hisse ! » Le nouveau bout-dehors doit être positionné. La tâche est longue est difficile. Enfin, c'est terminé.",Le bateau de Jules sera réparé dans un chantier naval en Écosse. Un petit bateau tire le bateau de Jules jusqu'au quai de réparation. Un charpentier scie une poutre de 8 mètres pour réparer le bateau de Jules. La réparation du bateau est longue et difficile.,"Nous allons vers le port d'Aberdeen, en Écosse. Nous avons besoin d'aide pour entrer. Nous avons hissé notre pavillon de détresse. Un petit bateau vient nous remorquer jusqu'au quai. Le chantier naval est impressionnant, il est comme une ruche. Un charpentier expérimenté nous parle. Clovis lui demande un mât de 8 mètres. Il nous dit ""Ho, hisse ! Ho, hisse !"" La tâche est longue et difficile. Enfin, c'est fini."
48,"Le moment tant attendu arrive enfin. Le phare, au loin devant nous est celui de Gravelines. Notre bateau est propre comme un sou neuf, contrairement à nos corps puants. D'abord nous devons nous débarrasser de nos paillasses. On se bouscule comme des gosses pour les jeter à la mer. D'autres vêtements partent à la baille : les moufles, les pantalons tenant debout par la crasse, le linge de corps usé, les vestes et pulls troués. Nous jetons aussi les patates germées et pourries et le baril d'aisance. Charles-Louis tonne : « De l'eau douce est à votre disposition pour nettoyer votre linge, et surtout vous. Vous sentez le vieux phoque ! » On s'habille du mieux qu'on peut avec les effets qui sont restés les plus soignés mais cette odeur de poisson nous colle à la peau, sous les ongles, sur les cheveux et les barbes.","Le bateau arrive enfin près de Dunkerque. Le bateau est propre. Les marins sont sales. Les marins jettent à la mer : • les paillasses • les habits sales • les patates pourries. Après, les marins se lavent et ils mettent des habits propres. Mais ils sentent quand même le poisson !","Enfin, le moment attendu est arrivé. Le phare de Gravelines est en vue. Notre bateau est propre comme neuf, mais nous sommes sales. D'abord, nous jetons nos sacs de déchets. Nous nous battons pour les jeter à la mer. D'autres vêtements partent aussi : des chaussures sales, des pantalons et des chemises usées, des vêtements de corps et des vêtements de couleur sale. Nous jetons aussi les pommes de terre mûres et sales et le baril de toilettes. Charles-Louis appelle : ""Il y a de l'eau fraîche pour vous laver vos vêtements, et surtout vous-mêmes. Vous sentez le vieux phoque !"" Nous nous habillons le mieux que nous pouvons avec les vêtements restés les plus propres, mais cette odeur de poisson nous colle à la peau, sous les ongles, sur les cheveux et les barbes."
49,"Le capitaine tente alors de me faire renoncer aux voyages en mer, m'exhortant à retourner chez mon père. Mais je monte à bord d'un vaisseau partant pour la côte d'Afrique. Je me lie d'amitié avec le capitaine, qui m'enseigne les règles de la navigation et l'art du commerce. Mes ventes me rapportent trois cents livres. Je décide alors de me faire marchand.",13 Le capitaine du bateau dit à Robinson : « La mer est trop dangereuse ! Retourne chez ton père ! » Mais Robinson n'écoute pas le capitaine. Il prend un autre bateau qui va en Afrique. Le nouveau capitaine apprend à Robinson : • à naviguer • à faire du commerce. Robinson dit : « Je vais faire du commerce pour gagner de l'argent. »,"Je veux aller en Afrique par mer, mais mon capitaine m'encourage à rentrer chez mon père. Mais je monte sur un navire et je deviens ami avec le capitaine qui me montre comment naviguer et vendre. J'ai trois cents livres de profit. Alors je décide de devenir marchand de mer.

(Emotion : décision, joie)"
50,"Onze jours plus tard, nous croisons la route d'un navire européen. On nous fait monter à bord. Le capitaine propose de me conduire au Brésil et de m'acheter la chaloupe. Il propose aussi d'acheter Xury. Ce dernier sera libéré de son esclavage au bout de dix ans s'il accepte de devenir chrétien. Le jeune garçon donne son accord.","23 Robinson et Xury repartent. Ils naviguent encore pendant 11 jours. Ils voient un bateau européen. Le capitaine du bateau dit à Robinson : « Je t'emmène au Brésil, si tu veux. J'achète ta barque. J'achète aussi Xury. » Le capitaine dit à Xury : « Tu seras mon esclave pendant 10 ans. Dans 10 ans, tu seras libre si tu deviens chrétien. » Xury dit : « D'accord. »","Nous rencontrons un navire européen après onze jours. Le capitaine nous invite à monter à bord. Il propose de m'emmener au Brésil et de me donner une petite barque. Il veut aussi acheter Xury. Le capitaine propose de le libérer de son esclavage après dix ans, si Xury accepte de devenir chrétien. Xury accepte."
51,"Ayant besoin d'aide, je regrette de m'être séparé de Xury. L'année suivante, j'ai beaucoup de succès dans ma plantation et, mes richesses augmentant, ma tête se remplit de projets irréalisables. Ayant lié connaissance avec des marchands d'esclaves de San Salvador, j'accepte de me joindre à eux. J'embarque avec eux pour la côte de Guinée afin de participer à leur commerce. Certains esclaves viendraient travailler dans ma plantation. Je m'embarque donc dans cette nouvelle aventure le 1 er septembre 1659.","27 Robinson a besoin d'esclaves pour travailler dans sa plantation. Alors, il rencontre des marchands d'esclaves. Les marchands disent à Robinson : « Viens avec nous en Guinée, tu pourras acheter des esclaves pour ta plantation. » « Bonne idée ! » Robinson a maintenant 27 ans. Il repart en mer pour aller en Guinée.","Je suis triste de ne plus avoir Xury avec moi. L'année suivante, ma plantation prospère et ma richesse augmente, mon esprit est rempli de projets incroyables. J'ai rencontré des marchands d'esclaves à San Salvador et je me joint à eux. Je partis avec eux vers la côte de Guinée pour participer à leur commerce. Certains esclaves travailleraient sur ma plantation. Je partis donc pour cette nouvelle aventure le 1er septembre 1659. Je suis triste mais aussi excitée pour cette nouvelle aventure."
52,"Il me faut près d'un an pour achever mon logement. Puis je continue à l'améliorer et entreprends de me fabriquer des meubles. J'ai besoin d'une chaise, d'une table et d'étagères. Ceci fait, je commence à tenir un journal de mes activités de chaque jour.","45 Robinson construit sa maison pendant 1 an. Ensuite, Robinson fabrique des meubles : • une chaise • une table • des étagères. Robinson écrit son journal de bord. Il écrit ce qu'il fait. Il écrit aussi ce qui lui arrive.","Vivre dans mon propre logement enfin ! C'est en un an que je le ferai. Puis je continuerai à améliorer mon logement en fabriquant mes propres meubles. Je vais besoin d'une chaise, d'une table et d'étagères. Après cela, je commencerai à tenir un journal de mes activités chaque jour.

J'ai beaucoup de joie pour vivre dans mon propre logement. C'est un rêve qui se réalise enfin !"
53,"Avril Le 16. Je termine l'échelle qui me permet de franchir la palissade et d'accéder à ma demeure désormais complète. Le 17. Un épouvantable tremblement de terre suivi d'un terrible ouragan qui dure près de trois heures m'obligent à me mettre à l'abri. Il continue de pleuvoir toute la nuit et une grande partie du lendemain. Le 22. Je prépare mes outils afin de faire un campement plus sûr. Le 30. M'apercevant que ma provision de biscuits diminue, je ne mange plus qu'un biscuit par jour.","51 En avril, Robinson commence à fabriquer une échelle. L'échelle servira à franchir le mur autour de la maison. Robinson doit s'abriter à cause : • d'un tremblement de terre • d'une tempête. Alors, il décide de consolider sa maison. Robinson n'a plus beaucoup de biscuits alors il mange seulement un biscuit par jour.","Le 16 avril, je termine l'échelle pour monter sur la palissade et aller à ma maison complète. Le 17, un terrible séisme suivi d'un ouragan qui dure presque trois heures me pousse à se cacher. Il pleut toute la nuit et la journée suivante. Le 22, je prépare mes outils pour un campement plus sûr. Le 30, je vois que ma réserve de biscuits diminue, alors je ne mange qu'un biscuit par jour."
54,"Je reste à la maison autant que possible durant les mois pluvieux. Je tresse des corbeilles pour porter de la terre, ou pour transporter ou conserver diverses choses. Puis j'explore l'île, armé de mon mousquet et de ma hache, et accompagné de mon chien. A l'ouest, j'aperçois une autre terre. Je ne sais pas si c'est une île ou un continent, mais je pense qu'elle doit faire partie de l'Amérique. Ce voyage m'est excessivement agréable ; les savanes sont douces, verdoyantes, émaillées de fleurs et semées de bosquets charmants. Il y a beaucoup de perroquets ; j'en capture un. Il me faudra plusieurs années pour lui apprendre à parler et lui faire dire mon nom. Je ramène aussi un chevreau vivant, pour démarrer un élevage de boucs domestiques qui pourront me servir de nourriture quand ma poudre et mon plomb seront consommés.","59 Pendant la saison des pluies, Robinson reste chez lui. Il fabrique des paniers. Quand il ne pleut pas, Robinson explore son île. L'île est agréable avec : • des savanes fleuries • des perroquets. Robinson emporte un perroquet chez lui pour lui apprendre à parler. Robinson emporte un chevreau chez lui pour faire un élevage pour se nourrir.","Je reste à la maison le plus possible pendant les mois pluvieux. Je fais des corbeilles pour emporter de la terre ou pour transporter et stocker divers objets. Puis je explore l'île, armé de mon fusil et de mon hache, et accompagné de mon chien. À l'ouest, je vois une autre terre. Je ne sais pas si c'est une île ou un continent, mais je pense qu'elle fait partie de l'Amérique. Ce voyage me fait beaucoup de plaisir ; les prairies sont douces et vertes, couvertes de fleurs et de petits bois. Il y a beaucoup de perroquets ; je capture un. Cela prendra plusieurs années pour qu'il apprenne à parler et pour qu'il me dise mon nom. Je ramène aussi un agneau vivant, pour commencer une ferme de chèvres qui pourront me servir de nourriture quand ma poudre et mon plomb seront utilisés.

Je suis heureux lorsque je suis à"
55,"André Vasling. C'est l'assistant de Louis, « le second ». Il ne veut pas vraiment retrouver Louis car il veut épouser Marie.",Penellan. C'est un marin. Il veut vraiment retrouver Louis. Il aide Marie à se cacher sur le bateau.,"André Vasling, Louis' assistant, ne veut pas vraiment le retrouver car il veut épouser Marie. Il n'aime pas Louis comme il l'aime Marie. Il est triste pour Louis mais heureux pour lui."
56,"Le vieil homme rentra chez lui. Il avait fait construire le brick « La Jeune-Hardie » que son fils commandait maintenant. Le jeune homme, âgé de 30 ans et considéré comme le meilleur marin de Dunkerque, était amoureux de Marie, jolie orpheline de 20 ans qu'il devait épouser. Le bateau revenait d'un voyage de 3 mois en Norvège.",Le bateau de Louis arrive à Dunkerque. C'est Jean qui a construit le bateau de Louis. Louis est le meilleur commandant de Dunkerque. Louis est amoureux de Marie.,"L'homme vieux rentra à la maison. Il avait construit le bateau « La Jeune-Hardie » pour son fils, le meilleur marin de Dunkerque, âgé de 30 ans. Ce dernier était amoureux de Marie, une jolie orpheline de 20 ans qu'il allait épouser. Le bateau était de retour d'un voyage de 3 mois en Norvège. Il était heureux de le voir revenir."
57,"Vers le 23 juillet, le bateau rencontra les premiers bancs de glace. Désormais, il fallait redoubler de vigilance. Les marins se relayaient toutes les 2 heures sous la pluie, la neige et par une température très basse. Marie restait parfois sur le pont. Le 1er août, les marins voient des icebergs dans le brouillard.","Le 23 juillet, le bateau est dans les glaces. C'est dangereux ! Les marins sont sur le pont du bateau. Ils surveillent les glaces. Les marins ont froid. Le 1er août, les marins voient des icebergs dans le brouillard.","Le bateau rencontre des glaces le 23 juillet. Il faut être plus vigilant maintenant. Les marins prennent des tours de garde toutes les deux heures, sous la pluie, la neige et une température très froide. Marie reste parfois sur le pont. Le 1er août, les marins voient des icebergs dans la brume."
58,"Le 1er août, l'équipage eut à faire face aux premiers icebergs. La navigation, dans le brouillard et l'obscurité, devint difficile. Le bateau risquait à tout moment de heurter la glace et de sombrer. Soudain, « La Jeune-Hardie » se retrouva face à une masse de glace qui fonçait droit sur elle. Heureusement, au moment même où les marins crurent qu'ils étaient perdus, le bloc de glace se retourna, et le brick put reprendre sa route : une immense plaine d'eau assurait une navigation facile.","Si le bateau tape un iceberg, le bateau va couler. Le bateau arrive sur un iceberg. Le bateau va taper l'iceberg. Les marins ont peur. Heureusement, l'iceberg se retourne. Le bateau passe.","Le 1er août, l'équipage rencontra des icebergs. Naviguer devint difficile dans la brume et l'obscurité. Le bateau pouvait heurter la glace à tout moment et couler. Brusquement, le bateau se trouva face à une masse de glace qui se dirigeait droit vers lui. Heureusement, au moment où les marins pensaient être perdus, la masse de glace se retourna, et le bateau put continuer sa route : une grande étendue d'eau facilitait la navigation."
59,"Dès le mois de mars, le retour des oiseaux annonça une diminution du froid et l'arrivée des beaux jours. La chasse devint plus facile et, malgré quelques épreuves, les conditions de vie s'améliorèrent. Pendant 8 mois, le soleil ne se coucherait pas.",C'est le printemps. Il fait de moins en moins froid. Le jour dure plus longtemps. La chasse est plus facile.,"En mars, les oiseaux reviennent, annonçant un froid moindre et des jours beaux. La chasse devient plus facile et, malgré quelques difficultés, la vie devient meilleure. Durant huit mois, le soleil ne se couche pas.

(Emotion : joie)
(Intensité : forte)"
60,"En avril, les marins préparèrent le bateau, qui put finalement quitter la baie d'hivernage le 21 mai. Ils mirent près d'un mois à sortir de la mer polaire.","Pendant le mois d'avril, les marins réparent le bateau. Le 21 mai, le bateau est prêt. Louis et ses marins voyagent pendant 1 mois dans l'océan glacé.","En avril, les marins ont préparé le bateau pour quitter la baie d'hivernage le 21 mai. Cela a pris presque un mois pour sortir de la mer polaire."
61,"Après bien des aventures, « La Jeune-Hardie » fut de retour à Dunkerque le 16 août. Très vite, on célébra le mariage de Louis Cornbutte et de Marie.",Le voyage jusque Dunkerque dure encore 2 mois. Louis et ses marins arrivent à Dunkerque le 16 août. Marie et Louis se marient. Et… l'aventure est finie !,"Le 16 août, La Jeune-Hardie est de retour à Dunkerque. Rapidement, on célèbre le mariage de Louis et Marie."
62,"Tout à coup, madame Otis aperçut une tache rouge sombre sur le parquet. Elle dit à la gouvernante : « Je crois qu'on a dû répandre là quelque chose. » « Oui, madame. On a répandu du sang à cet endroit. » Répondit la gouvernante. « Mais c'est abominable, s'écria madame Otis. Je n'aime pas du tout les taches de sang dans une pièce où l'on se tient. Il faut la nettoyer tout de suite. » La vieille femme sourit et dit d'une voix mystérieuse : « Il est impossible de l'enlever. »",Madame Otis voit une tache sur le sol. « C'est une tache de sang. » « C'est horrible ! Il faut nettoyer très vite cette tache. »,"Madame Otis vit une tache rouge sombre sur le sol. Elle dit à la gouvernante : ""Je pense que quelque chose a été versé là."" ""Oui, madame, c'est du sang ici."" Répondit la gouvernante. ""C'est horrible, cria madame Otis. Je déteste les taches de sang dans une pièce où l'on se trouve. Il faut la nettoyer immédiatement."" La vieille femme sourit et dit d'une voix mystérieuse : ""On ne peut pas la retirer."""
63,"L'orage se déchaîna toute cette nuit-là. Le lendemain matin, lorsqu'ils descendirent pour le petit-déjeuner, ils retrouvèrent la terrible tache de sang sur le parquet. Washington l'effaça donc une seconde fois mais le lendemain matin, elle reparut encore. Le jour suivant elle était encore là, bien que la bibliothèque eût été fermée à clef pour la nuit.",La rencontre avec le fantôme L'orage dure toute la nuit. C'est le matin. La famille se retrouve dans la bibliothèque. La tache de sang est à nouveau sur le sol. Washington frotte la tache. La tache disparaît. Mais la famille retrouve la tache sur le sol tous les matins.,"L'orage a été violent toute la nuit. Le matin, ils ont découvert une grande tache de sang sur le sol. Washington a effacé la tache une seconde fois, mais le lendemain matin, elle était de retour. Le jour suivant, elle était toujours là, malgré le fait que la bibliothèque était fermée à clé la nuit.

La tache de sang était terrible.

Washington était inquiet."
64,"Un instant, le fantôme de Canterville demeura parfaitement immobile. Puis il lança le flacon sur le parquet et s'enfuit le long du couloir en poussant des gémissements.",Le fantôme est vexé. Il lance le flacon d'huile sur le sol. Il fuit dans le couloir.,Fantôme de Canterville resta immobile. Puis il jeta la bouteille sur le sol et s'enfuit vers le couloir en criant des cris de peur.
65,"Dès qu'il eut atteint son petit cabinet secret, le fantôme songea : – aux quatre servantes qui avaient été saisies d'une crise d'hystérie alors qu'il les avait simplement regardées avec un rire grimaçant, – à la vieille madame de Trémouillac, qui ayant aperçu un squelette assis dans un fauteuil, avait dû garder le lit pendant six semaines, – au maître d'hôtel qui s'était tué d'un coup de pistolet parce qu'il avait vu une main verte frapper au carreau, – à ses apparitions en « nourrisson étranglé » ou en « suceur de sang ».","Le fantôme est dans sa chambre. Il pense à ses grandes victoires. Il a fait très peur aux habitants du château : – en faisant des grimaces, – en devenant tout vert, – en montrant son squelette, – en se déguisant en monstres horribles.","Dans son petit cabinet secret, le fantôme se demanda : – pourquoi les quatre servantes avaient eu une crise d'effroi quand il les regardait rire, – pourquoi la vieille madame de Trémouillac avait dû rester au lit pendant six semaines après avoir vu un squelette dans un fauteuil, – pourquoi le maître d'hôtel s'était tué avec un pistolet après avoir vu une main verte frapper à la fenêtre, – pourquoi il apparaissait souvent comme un bébé étranglé ou un vampire."
66,"Le lendemain, le fantôme fut immobilisé par un gros rhume. Il renonça dès lors à effrayer cette grossière famille américaine et se contenta de rôder le long des couloirs, chaussé de pantoufles avec un épais cache-nez autour de la gorge.","Le lendemain, le fantôme est malade. Il met une écharpe et des chaussons. Et il se promène tout triste dans le château. « J'abandonne. Je ne pourrai jamais faire peur à cette famille. Tant pis ! »","Le lendemain, le fantôme était malade. Il a arrêté de les effrayer et a préféré se promener dans les couloirs, chaussé de chaussures de nuit et avec un grand foulard autour du cou."
67,"Il était environ deux heures et quart du matin. Tandis que le fantôme se dirigeait lentement vers la bibliothèque pour voir s'il restait quelques traces de la tache de sang, deux personnages bondirent tout à coup sur lui du fond d'un recoin sombre, agitant follement les bras au-dessus de leur tête, et lui hurlant « Bou ! » à l'oreille.",Le fantôme arrive dans la bibliothèque. Les jumeaux sautent sur le fantôme. Ils crient. « Bou ! » Le fantôme est paniqué. Il s'enfuit.,"Il était presque deux heures du matin. Alors que le fantôme se dirigeait vers la bibliothèque pour voir s'il restait des traces de sang, deux personnes apparurent brusquement, bondissant vers lui dans un coin sombre, et crièrent « Bou ! » à ses oreilles. Le fantôme fut effrayé."
68,"Saisi de panique, le fantôme se précipita dans l'escalier mais il y trouva Washington Otis qui l'attendait, muni de la grande seringue du jardin.",Mais le fantôme rencontre Washington dans les escaliers. Washington menace le fantôme avec une seringue.,"Panique, le fantôme courut vers l'escalier, mais Washington Otis était là, avec la grande seringue du jardin.

Terrifié, le fantôme s'arrêta.

Washington Otis utilisa la seringue pour capturer le fantôme.

Le fantôme était pris."
69,"Se voyant ainsi encerclé de toutes parts par ses ennemis, Simon de Canterville disparut dans le gros poêle de fonte, arrivant dans sa chambre dans un état affreux de saleté, de désordre, et de désespoir. Depuis cette nuit-là, personne ne revit le fantôme. Il avait été si blessé qu'il ne voulait plus se montrer. Tout le monde pensait que le fantôme avait disparu et en était très satisfait.","Simon s'enfuit par la cheminée. Il retourne dans sa chambre. Il est trop malheureux pour sortir de sa chambre. Alors, la famille pense : « Ouf ! Le fantôme est parti. » Tout le monde est très content.","Dans sa chambre, Simon de Canterville se cacha dans un poêle. Il était sale, la chambre était sale et il était triste. Depuis cette nuit, personne ne l'a vu. Il était si blessé qu'il ne voulait plus se montrer. Tout le monde pensait qu'il était parti et était heureux."
70,"Quatre jours après, une procession funèbre partit de Canterville vers onze heures du soir. Lord Canterville était venu de Londres pour assister à l'enterrement du fantôme. Il était en tête du cortège avec la petite Virginia.",La fin de l'histoire C'est le jour de l'enterrement du fantôme. Lord de Canterville est venu pour l'enterrement. Tout le monde conduit le fantôme au cimetière. Tout le monde prie pour le fantôme.,"Quatre jours plus tard, une procession funèbre partit de Canterville à onze heures du soir. Le lord Canterville était venu de Londres pour assister à l'enterrement du fantôme. Il marchait en tête du cortège avec la petite Virginia.

Le lord Canterville était triste. La petite Virginia était triste aussi. Ils allaient dire adieu à leur fantôme ami."
71,"Le lendemain matin, Lord Canterville et monsieur Otis s'entretiennent au sujet des bijoux. En effet, le fantôme avait donné à Virginia des bijoux absolument magnifiques, en particulier un collier de rubis avec une monture vénitienne qui était véritablement superbe. La valeur de ce bijou était considérable. Monsieur Otis dit à Lord de Canterville : « Reprenez les bijoux avec vous à Londres car ils sont l'héritage de votre famille. »",C'est le lendemain. Monsieur Otis et Lord de Canterville discutent ensemble. « Le fantôme a donné une boîte de bijoux à Virginia. Ces bijoux sont très beaux et très chers. Ils sont à votre famille. Vous devez emporter ces bijoux à Londres. »,"Le matin, Lord Canterville et monsieur Otis parlent des bijoux. En effet, le fantôme a donné à Virginia des bijoux magnifiques, notamment un collier de rubis avec une monture vénitienne qui est vraiment magnifique. Le collier est très cher. M. Otis dit à Lord Canterville : ""Prends les bijoux avec toi à Londres, car ils sont l'héritage de ta famille."""
